"","Protein.State","Deut.Time","Start","End","Sequence","Retention_Time_.min.","Mean.Peptide_Mass_.Da.","Mean.Deut.Uptake_.Da.","st.dev_Deut_Uptake"
"1","HHARI90 bound","0s",40,58,"GPLGSKAVVPGPAEHPLQY",6.83,959.559,0,0
"2","HHARI90 bound","3.00s",40,58,"GPLGSKAVVPGPAEHPLQY",6.83,962.539333333333,7.01366666666667,0.0537990086649684
"3","HHARI90 bound","60.00s",40,58,"GPLGSKAVVPGPAEHPLQY",6.83,963.186666666667,8.53666666666667,0.0269505720409299
"4","HHARI90 bound","1800.00s",40,58,"GPLGSKAVVPGPAEHPLQY",6.83,963.461666666667,9.18333333333333,0.0617602892912043
"5","HHARI90 bound","72000.00s",40,58,"GPLGSKAVVPGPAEHPLQY",6.83,963.463,9.18666666666667,0.06073988255943
"6","HHARI90 bound","FD",40,58,"GPLGSKAVVPGPAEHPLQY",6.83,963.477,9.219,0
"7","Unbound","0s",40,58,"GPLGSKAVVPGPAEHPLQY",6.83,959.565,0,0
"8","Unbound","3.00s",40,58,"GPLGSKAVVPGPAEHPLQY",6.83,963.104,8.32766666666667,0.138384729408029
"9","Unbound","60.00s",40,58,"GPLGSKAVVPGPAEHPLQY",6.83,963.518666666667,9.30266666666667,0.0708684226812848
"10","Unbound","1800.00s",40,58,"GPLGSKAVVPGPAEHPLQY",6.83,963.527666666667,9.32433333333333,0.0417891532976358
"11","Unbound","72000.00s",40,58,"GPLGSKAVVPGPAEHPLQY",6.83,963.570666666667,9.42533333333333,0.0330201958403232
"12","Unbound","FD",40,58,"GPLGSKAVVPGPAEHPLQY",6.83,963.723,9.784,0
"13","HHARI90 bound","0s",40,59,"GPLGSKAVVPGPAEHPLQYN",6.44,1016.609,0,0
"14","HHARI90 bound","3.00s",40,59,"GPLGSKAVVPGPAEHPLQYN",6.44,1019.783,7.46866666666667,0.104423815929765
"15","HHARI90 bound","60.00s",40,59,"GPLGSKAVVPGPAEHPLQYN",6.44,1020.611,9.41666666666667,0.0288848287745198
"16","HHARI90 bound","1800.00s",40,59,"GPLGSKAVVPGPAEHPLQYN",6.44,1020.87333333333,10.0336666666667,0.0205507501890646
"17","HHARI90 bound","72000.00s",40,59,"GPLGSKAVVPGPAEHPLQYN",6.44,1020.879,10.0466666666667,0.0698951595844333
"18","HHARI90 bound","FD",40,59,"GPLGSKAVVPGPAEHPLQYN",6.44,1020.914,10.129,0
"19","Unbound","0s",40,59,"GPLGSKAVVPGPAEHPLQYN",6.44,1016.604,0,0
"20","Unbound","3.00s",40,59,"GPLGSKAVVPGPAEHPLQYN",6.44,1020.30933333333,8.71733333333333,0.154305973096745
"21","Unbound","60.00s",40,59,"GPLGSKAVVPGPAEHPLQYN",6.44,1020.87566666667,10.05,0.0723809367167905
"22","Unbound","1800.00s",40,59,"GPLGSKAVVPGPAEHPLQYN",6.44,1020.81366666667,9.90433333333333,0.0627880031003805
"23","Unbound","72000.00s",40,59,"GPLGSKAVVPGPAEHPLQYN",6.44,1020.84933333333,9.98766666666667,0.0561990510002909
"24","Unbound","FD",40,59,"GPLGSKAVVPGPAEHPLQYN",6.44,1020.99,10.319,0
"25","Unbound","0s",40,61,"GPLGSKAVVPGPAEHPLQYNYT",7.1,1148.831,0,0
"26","Unbound","3.00s",40,61,"GPLGSKAVVPGPAEHPLQYNYT",7.1,1152.542,8.73033333333333,0.159575478483798
"27","Unbound","60.00s",40,61,"GPLGSKAVVPGPAEHPLQYNYT",7.1,1153.18333333333,10.2403333333333,0.0839781717670331
"28","Unbound","1800.00s",40,61,"GPLGSKAVVPGPAEHPLQYNYT",7.1,1153.62633333333,11.2813333333333,0.0545007645206313
"29","Unbound","72000.00s",40,61,"GPLGSKAVVPGPAEHPLQYNYT",7.1,1153.87266666667,11.8623333333333,0.086152964739081
"30","Unbound","FD",40,61,"GPLGSKAVVPGPAEHPLQYNYT",7.1,1154.017,12.2,0
"31","Unbound","0s",40,62,"GPLGSKAVVPGPAEHPLQYNYTF",8.54,1222.5,0,0
"32","Unbound","3.00s",40,62,"GPLGSKAVVPGPAEHPLQYNYTF",8.54,1226.05866666667,8.37366666666667,0.164658231902731
"33","Unbound","60.00s",40,62,"GPLGSKAVVPGPAEHPLQYNYTF",8.54,1226.69633333333,9.87466666666667,0.0670994287109316
"34","Unbound","1800.00s",40,62,"GPLGSKAVVPGPAEHPLQYNYTF",8.54,1227.264,11.21,0.022869193252059
"35","Unbound","72000.00s",40,62,"GPLGSKAVVPGPAEHPLQYNYTF",8.54,1227.70733333333,12.253,0.0306104557300279
"36","Unbound","FD",40,62,"GPLGSKAVVPGPAEHPLQYNYTF",8.54,1227.831,12.543,0
"37","HHARI90 bound","0s",47,63,"VVPGPAEHPLQYNYTFW",10.86,1010.165,0,0
"38","HHARI90 bound","3.00s",47,63,"VVPGPAEHPLQYNYTFW",10.86,1011.349,2.78566666666667,0.0476480149988782
"39","HHARI90 bound","60.00s",47,63,"VVPGPAEHPLQYNYTFW",10.86,1012.07133333333,4.48466666666667,0.0378197479279455
"40","HHARI90 bound","1800.00s",47,63,"VVPGPAEHPLQYNYTFW",10.86,1012.55833333333,5.63,0.0175783958312466
"41","HHARI90 bound","72000.00s",47,63,"VVPGPAEHPLQYNYTFW",10.86,1013.65,8.19833333333333,0.0179536440126598
"42","HHARI90 bound","FD",47,63,"VVPGPAEHPLQYNYTFW",10.86,1013.7,8.318,0
"43","Unbound","0s",47,63,"VVPGPAEHPLQYNYTFW",10.86,1010.115,0,0
"44","Unbound","3.00s",47,63,"VVPGPAEHPLQYNYTFW",10.86,1011.80366666667,3.97466666666667,0.108684558854206
"45","Unbound","60.00s",47,63,"VVPGPAEHPLQYNYTFW",10.86,1012.40833333333,5.39666666666667,0.0368284310463169
"46","Unbound","1800.00s",47,63,"VVPGPAEHPLQYNYTFW",10.86,1013.07166666667,6.95833333333333,0.0230289672658879
"47","Unbound","72000.00s",47,63,"VVPGPAEHPLQYNYTFW",10.86,1013.72566666667,8.49633333333333,0.0225462487641144
"48","Unbound","FD",47,63,"VVPGPAEHPLQYNYTFW",10.86,1013.731,8.51,0
"49","HHARI90 bound","0s",62,77,"FWYSRRTPGRPTSSQS",6.12,638.702,0,0
"50","HHARI90 bound","3.00s",62,77,"FWYSRRTPGRPTSSQS",6.12,640.905666666667,7.77933333333333,0.081143905090483
"51","HHARI90 bound","60.00s",62,77,"FWYSRRTPGRPTSSQS",6.12,640.951,7.93933333333333,0.0468009971403745
"52","HHARI90 bound","1800.00s",62,77,"FWYSRRTPGRPTSSQS",6.12,641.199666666667,8.81566666666667,0.0435009578438604
"53","HHARI90 bound","72000.00s",62,77,"FWYSRRTPGRPTSSQS",6.12,641.332666666667,9.286,0.0658255269633289
"54","HHARI90 bound","FD",62,77,"FWYSRRTPGRPTSSQS",6.12,641.328,9.271,0
"55","Unbound","0s",62,77,"FWYSRRTPGRPTSSQS",6.12,638.705,0,0
"56","Unbound","3.00s",62,77,"FWYSRRTPGRPTSSQS",6.12,640.921333333333,7.82066666666667,0.130599897907056
"57","Unbound","60.00s",62,77,"FWYSRRTPGRPTSSQS",6.12,641.054,8.29033333333333,0.054638203972435
"58","Unbound","1800.00s",62,77,"FWYSRRTPGRPTSSQS",6.12,641.34,9.299,0.0559999999999995
"59","Unbound","72000.00s",62,77,"FWYSRRTPGRPTSSQS",6.12,641.364,9.383,0.0408411557133241
"60","Unbound","FD",62,77,"FWYSRRTPGRPTSSQS",6.12,641.485,9.81,0
"61","HHARI90 bound","0s",63,77,"WYSRRTPGRPTSSQS",5.33,589.643,0,0
"62","HHARI90 bound","3.00s",63,77,"WYSRRTPGRPTSSQS",5.33,591.85,7.78866666666667,0.0135769412362777
"63","HHARI90 bound","60.00s",63,77,"WYSRRTPGRPTSSQS",5.33,591.868333333333,7.85333333333333,0.245919363477814
"64","HHARI90 bound","1800.00s",63,77,"WYSRRTPGRPTSSQS",5.33,592.046333333333,8.481,0.0368646171823333
"65","HHARI90 bound","72000.00s",63,77,"WYSRRTPGRPTSSQS",5.33,592.048666666667,8.48866666666667,0.0740697869129733
"66","HHARI90 bound","FD",63,77,"WYSRRTPGRPTSSQS",5.33,592.028,8.416,0
"67","Unbound","0s",63,77,"WYSRRTPGRPTSSQS",5.33,589.68,0,0
"68","Unbound","3.00s",63,77,"WYSRRTPGRPTSSQS",5.33,591.84,7.62533333333333,0.220953237888321
"69","Unbound","60.00s",63,77,"WYSRRTPGRPTSSQS",5.33,591.950666666667,8.01566666666667,0.0879223141945961
"70","Unbound","1800.00s",63,77,"WYSRRTPGRPTSSQS",5.33,592.010666666667,8.227,0.0494267134250299
"71","Unbound","72000.00s",63,77,"WYSRRTPGRPTSSQS",5.33,592.03,8.29633333333333,0.0377535870260472
"72","Unbound","FD",63,77,"WYSRRTPGRPTSSQS",5.33,592.129,8.644,0
"73","HHARI90 bound","0s",64,77,"YSRRTPGRPTSSQS",4.64,790.87,0,0
"74","HHARI90 bound","3.00s",64,77,"YSRRTPGRPTSSQS",4.64,794.115333333333,7.63533333333333,0.0375410886008031
"75","HHARI90 bound","60.00s",64,77,"YSRRTPGRPTSSQS",4.64,794.121,7.64833333333333,0.0322541986930901
"76","HHARI90 bound","1800.00s",64,77,"YSRRTPGRPTSSQS",4.64,794.111,7.62533333333333,0.0565007374583143
"77","HHARI90 bound","72000.00s",64,77,"YSRRTPGRPTSSQS",4.64,794.165333333333,7.753,0.00099999999999989
"78","HHARI90 bound","FD",64,77,"YSRRTPGRPTSSQS",4.64,794.217,7.875,0
"79","Unbound","0s",64,77,"YSRRTPGRPTSSQS",4.64,790.828,0,0
"80","Unbound","3.00s",64,77,"YSRRTPGRPTSSQS",4.64,794.142333333333,7.79933333333333,0.0568975687822716
"81","Unbound","60.00s",64,77,"YSRRTPGRPTSSQS",4.64,794.142666666667,7.80033333333333,0.0517332903779894
"82","Unbound","1800.00s",64,77,"YSRRTPGRPTSSQS",4.64,794.131666666667,7.775,0.0988078944214478
"83","Unbound","72000.00s",64,77,"YSRRTPGRPTSSQS",4.64,794.142666666667,7.8,0.0798310716450681
"84","Unbound","FD",64,77,"YSRRTPGRPTSSQS",4.64,794.326,8.232,0
"85","HHARI90 bound","0s",78,88,"YEQNIKQIGTF",7.61,671.296,0,0
"86","HHARI90 bound","3.00s",78,88,"YEQNIKQIGTF",7.61,672.862,3.68366666666667,0.0476060220280307
"87","HHARI90 bound","60.00s",78,88,"YEQNIKQIGTF",7.61,673.100666666667,4.24566666666667,0.0130511813003014
"88","HHARI90 bound","1800.00s",78,88,"YEQNIKQIGTF",7.61,674.095666666667,6.586,0.02351595203261
"89","HHARI90 bound","72000.00s",78,88,"YEQNIKQIGTF",7.61,674.139666666667,6.69,0.0380394532032207
"90","HHARI90 bound","FD",78,88,"YEQNIKQIGTF",7.61,674.13,6.667,0
"91","Unbound","0s",78,88,"YEQNIKQIGTF",7.61,671.272,0,0
"92","Unbound","3.00s",78,88,"YEQNIKQIGTF",7.61,672.930333333333,3.90266666666667,0.0225018517756503
"93","Unbound","60.00s",78,88,"YEQNIKQIGTF",7.61,673.544,5.347,0.0164620776331542
"94","Unbound","1800.00s",78,88,"YEQNIKQIGTF",7.61,674.119,6.69966666666667,0.0306648550189518
"95","Unbound","72000.00s",78,88,"YEQNIKQIGTF",7.61,674.117,6.695,0.033600595232823
"96","Unbound","FD",78,88,"YEQNIKQIGTF",7.61,674.096,6.646,0
"97","HHARI90 bound","0s",82,88,"IKQIGTF",6.81,404.179,0,0
"98","HHARI90 bound","3.00s",82,88,"IKQIGTF",6.81,404.716666666667,1.26466666666667,0.0595343038368076
"99","HHARI90 bound","60.00s",82,88,"IKQIGTF",6.81,404.993666666667,1.91666666666667,0.039208842540087
"100","HHARI90 bound","1800.00s",82,88,"IKQIGTF",6.81,405.788666666667,3.788,0.0343947670438397
"101","HHARI90 bound","72000.00s",82,88,"IKQIGTF",6.81,405.909,4.06966666666667,0.0274286954362275
"102","HHARI90 bound","FD",82,88,"IKQIGTF",6.81,405.93,4.119,0
"103","Unbound","0s",82,88,"IKQIGTF",6.81,404.052,0,0
"104","Unbound","3.00s",82,88,"IKQIGTF",6.81,404.798333333333,1.756,0.0715821206726932
"105","Unbound","60.00s",82,88,"IKQIGTF",6.81,405.343333333333,3.03833333333333,0.0393996615890712
"106","Unbound","1800.00s",82,88,"IKQIGTF",6.81,405.779,4.063,0.0217025344142107
"107","Unbound","72000.00s",82,88,"IKQIGTF",6.81,405.86,4.25333333333333,0.035218366420567
"108","Unbound","FD",82,88,"IKQIGTF",6.81,405.848,4.226,0
"109","HHARI90 bound","0s",89,97,"ASVEQFWRF",10.72,585.637,0,0
"110","HHARI90 bound","3.00s",89,97,"ASVEQFWRF",10.72,585.988666666667,0.827,0.0619919349593155
"111","HHARI90 bound","60.00s",89,97,"ASVEQFWRF",10.72,586.45,1.91233333333333,0.0255016339345802
"112","HHARI90 bound","1800.00s",89,97,"ASVEQFWRF",10.72,587.604666666667,4.62866666666667,0.0369097999633339
"113","HHARI90 bound","72000.00s",89,97,"ASVEQFWRF",10.72,588.193,6.01366666666667,0.0307300070506554
"114","HHARI90 bound","FD",89,97,"ASVEQFWRF",10.72,588.263,6.177,0
"115","Unbound","0s",89,97,"ASVEQFWRF",10.72,585.661,0,0
"116","Unbound","3.00s",89,97,"ASVEQFWRF",10.72,586.254,1.396,0.0416773319683494
"117","Unbound","60.00s",89,97,"ASVEQFWRF",10.72,587.023666666667,3.207,0.0134536240470736
"118","Unbound","1800.00s",89,97,"ASVEQFWRF",10.72,588.108,5.75766666666667,0.0141539158303749
"119","Unbound","72000.00s",89,97,"ASVEQFWRF",10.72,588.245666666667,6.082,0.0147986485869485
"120","Unbound","FD",89,97,"ASVEQFWRF",10.72,588.186,5.942,0
"121","HHARI90 bound","0s",95,107,"WRFYSHMVRPGDL",8.44,555.638,0,0
"122","HHARI90 bound","3.00s",95,107,"WRFYSHMVRPGDL",8.44,556.079333333333,1.55866666666667,0.0841803619220856
"123","HHARI90 bound","60.00s",95,107,"WRFYSHMVRPGDL",8.44,556.836666666667,4.23033333333333,0.0287286152352203
"124","HHARI90 bound","1800.00s",95,107,"WRFYSHMVRPGDL",8.44,557.278333333333,5.789,0.0280535202782111
"125","HHARI90 bound","72000.00s",95,107,"WRFYSHMVRPGDL",8.44,557.364,6.09233333333333,0.0482113402980388
"126","HHARI90 bound","FD",95,107,"WRFYSHMVRPGDL",8.44,557.436,6.348,0
"127","Unbound","0s",95,107,"WRFYSHMVRPGDL",8.44,555.738,0,0
"128","Unbound","3.00s",95,107,"WRFYSHMVRPGDL",8.44,556.761333333333,3.61033333333333,0.0538175931581238
"129","Unbound","60.00s",95,107,"WRFYSHMVRPGDL",8.44,557.108,4.83333333333333,0.0169213868619963
"130","Unbound","1800.00s",95,107,"WRFYSHMVRPGDL",8.44,557.423333333333,5.94633333333333,0.0690603600724272
"131","Unbound","72000.00s",95,107,"WRFYSHMVRPGDL",8.44,557.464666666667,6.09166666666667,0.0405010287935173
"132","Unbound","FD",95,107,"WRFYSHMVRPGDL",8.44,557.438,6.001,0
"133","Unbound","0s",95,113,"WRFYSHMVRPGDLTGHSDF",8.44,770.609,0,0
"134","Unbound","3.00s",95,113,"WRFYSHMVRPGDLTGHSDF",8.44,772.055666666667,5.106,0.117145209035624
"135","Unbound","60.00s",95,113,"WRFYSHMVRPGDLTGHSDF",8.44,772.438666666667,6.458,0.123259888041488
"136","Unbound","1800.00s",95,113,"WRFYSHMVRPGDLTGHSDF",8.44,772.771,7.631,0.0112694276695843
"137","Unbound","72000.00s",95,113,"WRFYSHMVRPGDLTGHSDF",8.44,772.965,8.31466666666667,0.0785196366097887
"138","Unbound","FD",95,113,"WRFYSHMVRPGDLTGHSDF",8.44,773.001,8.442,0
"139","HHARI90 bound","0s",95,115,"WRFYSHMVRPGDLTGHSDFHL",8.65,853.931,0,0
"140","HHARI90 bound","3.00s",95,115,"WRFYSHMVRPGDLTGHSDFHL",8.65,854.767666666667,2.95433333333333,0.0787802851818483
"141","HHARI90 bound","60.00s",95,115,"WRFYSHMVRPGDLTGHSDFHL",8.65,855.545666666667,5.69966666666667,0.0457638867813186
"142","HHARI90 bound","1800.00s",95,115,"WRFYSHMVRPGDLTGHSDFHL",8.65,855.977333333333,7.223,0.0700214252925487
"143","HHARI90 bound","72000.00s",95,115,"WRFYSHMVRPGDLTGHSDFHL",8.65,856.42,8.78566666666667,0.045938364504337
"144","HHARI90 bound","FD",95,115,"WRFYSHMVRPGDLTGHSDFHL",8.65,856.593,9.395,0
"145","Unbound","0s",95,115,"WRFYSHMVRPGDLTGHSDFHL",8.65,853.959,0,0
"146","Unbound","3.00s",95,115,"WRFYSHMVRPGDLTGHSDFHL",8.65,855.479333333333,5.36666666666667,0.1176194428372
"147","Unbound","60.00s",95,115,"WRFYSHMVRPGDLTGHSDFHL",8.65,855.836,6.62533333333333,0.0872028287002973
"148","Unbound","1800.00s",95,115,"WRFYSHMVRPGDLTGHSDFHL",8.65,856.206666666667,7.93366666666667,0.0165630109984062
"149","Unbound","72000.00s",95,115,"WRFYSHMVRPGDLTGHSDFHL",8.65,856.670666666667,9.57166666666667,0.0270616579930595
"150","Unbound","FD",95,115,"WRFYSHMVRPGDLTGHSDFHL",8.65,856.794,10.006,0
"151","Unbound","0s",98,107,"YSHMVRPGDL",6.32,588.226,0,0
"152","Unbound","3.00s",98,107,"YSHMVRPGDL",6.32,589.586666666667,3.20066666666667,0.00230940107675851
"153","Unbound","60.00s",98,107,"YSHMVRPGDL",6.32,589.920666666667,3.987,0.0202977831301847
"154","Unbound","1800.00s",98,107,"YSHMVRPGDL",6.32,589.911,3.96366666666667,0.0266333124739176
"155","Unbound","72000.00s",98,107,"YSHMVRPGDL",6.32,589.965666666667,4.09233333333333,0.0306159000085465
"156","Unbound","FD",98,107,"YSHMVRPGDL",6.32,590.037,4.26,0
"157","HHARI90 bound","0s",98,113,"YSHMVRPGDLTGHSDF",6.72,910.583,0,0
"158","HHARI90 bound","3.00s",98,113,"YSHMVRPGDLTGHSDF",6.72,911.692666666667,2.61066666666667,0.0315013227235512
"159","HHARI90 bound","60.00s",98,113,"YSHMVRPGDLTGHSDF",6.72,912.637666666667,4.83466666666667,0.0195021366350804
"160","HHARI90 bound","1800.00s",98,113,"YSHMVRPGDLTGHSDF",6.72,912.928333333333,5.518,0.0356791255498227
"161","HHARI90 bound","72000.00s",98,113,"YSHMVRPGDLTGHSDF",6.72,913.265666666667,6.31166666666667,0.0464793861118383
"162","HHARI90 bound","FD",98,113,"YSHMVRPGDLTGHSDF",6.72,913.351,6.511,0
"163","HHARI90 bound","0s",98,115,"YSHMVRPGDLTGHSDFHL",7.36,1035.922,0,0
"164","HHARI90 bound","3.00s",98,115,"YSHMVRPGDLTGHSDFHL",7.36,1036.91633333333,2.34033333333333,0.0851430169381689
"165","HHARI90 bound","60.00s",98,115,"YSHMVRPGDLTGHSDFHL",7.36,1037.946,4.76266666666667,0.0713185342904166
"166","HHARI90 bound","1800.00s",98,115,"YSHMVRPGDLTGHSDFHL",7.36,1038.18066666667,5.316,0.0281602556806575
"167","HHARI90 bound","72000.00s",98,115,"YSHMVRPGDLTGHSDFHL",7.36,1038.66033333333,6.44333333333333,0.0461121820491433
"168","HHARI90 bound","FD",98,115,"YSHMVRPGDLTGHSDFHL",7.36,1038.961,7.152,0
"169","Unbound","0s",98,115,"YSHMVRPGDLTGHSDFHL",7.36,1035.771,0,0
"170","Unbound","3.00s",98,115,"YSHMVRPGDLTGHSDFHL",7.36,1037.89933333333,5.00666666666667,0.10089763789769
"171","Unbound","60.00s",98,115,"YSHMVRPGDLTGHSDFHL",7.36,1038.201,5.718,0.0569297813099612
"172","Unbound","1800.00s",98,115,"YSHMVRPGDLTGHSDFHL",7.36,1038.241,5.811,0.0729177618965362
"173","Unbound","72000.00s",98,115,"YSHMVRPGDLTGHSDFHL",7.36,1038.98733333333,7.56733333333333,0.0378989885529062
"174","Unbound","FD",98,115,"YSHMVRPGDLTGHSDFHL",7.36,1039.084,7.794,0
"175","HHARI90 bound","0s",114,124,"HLFKEGIKPMW",8.07,693.883,0,0
"176","HHARI90 bound","3.00s",114,124,"HLFKEGIKPMW",8.07,694.639,1.77866666666667,0.0674858009757114
"177","HHARI90 bound","60.00s",114,124,"HLFKEGIKPMW",8.07,694.765,2.074,0.0389743505398102
"178","HHARI90 bound","1800.00s",114,124,"HLFKEGIKPMW",8.07,695.562666666667,3.95133333333333,0.0231156512634477
"179","HHARI90 bound","72000.00s",114,124,"HLFKEGIKPMW",8.07,696.116,5.253,0.0276224546338661
"180","HHARI90 bound","FD",114,124,"HLFKEGIKPMW",8.07,696.272,5.62,0
"181","Unbound","0s",114,124,"HLFKEGIKPMW",8.07,693.947,0,0
"182","Unbound","3.00s",114,124,"HLFKEGIKPMW",8.07,694.633333333333,1.61433333333333,0.0576396854027963
"183","Unbound","60.00s",114,124,"HLFKEGIKPMW",8.07,694.951333333333,2.36233333333333,0.0198578280114752
"184","Unbound","1800.00s",114,124,"HLFKEGIKPMW",8.07,695.781,4.315,0.0282134719593318
"185","Unbound","72000.00s",114,124,"HLFKEGIKPMW",8.07,696.292,5.51733333333333,0.0470567033836127
"186","Unbound","FD",114,124,"HLFKEGIKPMW",8.07,696.321,5.584,0
"187","HHARI90 bound","0s",114,135,"HLFKEGIKPMWEDDANKNGGKW",7.63,867.972,0,0
"188","HHARI90 bound","3.00s",114,135,"HLFKEGIKPMWEDDANKNGGKW",7.63,869.127333333333,4.07666666666667,0.314468334388907
"189","HHARI90 bound","60.00s",114,135,"HLFKEGIKPMWEDDANKNGGKW",7.63,869.784333333333,6.396,0.158786019535726
"190","HHARI90 bound","1800.00s",114,135,"HLFKEGIKPMWEDDANKNGGKW",7.63,870.530333333333,9.02866666666667,0.108491167075174
"191","HHARI90 bound","72000.00s",114,135,"HLFKEGIKPMWEDDANKNGGKW",7.63,871.041333333333,10.8323333333333,0.0772938117402251
"192","HHARI90 bound","FD",114,135,"HLFKEGIKPMWEDDANKNGGKW",7.63,871.242,11.542,0
"193","Unbound","0s",114,135,"HLFKEGIKPMWEDDANKNGGKW",7.63,868.046,0,0
"194","Unbound","3.00s",114,135,"HLFKEGIKPMWEDDANKNGGKW",7.63,869.266,4.307,0.0330605505096333
"195","Unbound","60.00s",114,135,"HLFKEGIKPMWEDDANKNGGKW",7.63,870.060333333333,7.111,0.18914544668059
"196","Unbound","1800.00s",114,135,"HLFKEGIKPMWEDDANKNGGKW",7.63,870.743,9.521,0.00984885780179606
"197","Unbound","72000.00s",114,135,"HLFKEGIKPMWEDDANKNGGKW",7.63,871.254333333333,11.3243333333333,0.126231269237591
"198","Unbound","FD",114,135,"HLFKEGIKPMWEDDANKNGGKW",7.63,871.581,12.478,0
"199","HHARI90 bound","0s",116,124,"FKEGIKPMW",7.98,568.673,0,0
"200","HHARI90 bound","3.00s",116,124,"FKEGIKPMW",7.98,569.410666666667,1.737,0.0262868788561898
"201","HHARI90 bound","60.00s",116,124,"FKEGIKPMW",7.98,569.575333333333,2.12366666666667,0.0178978583448783
"202","HHARI90 bound","1800.00s",116,124,"FKEGIKPMW",7.98,570.319666666667,3.87466666666667,0.0515978035708238
"203","HHARI90 bound","72000.00s",116,124,"FKEGIKPMW",7.98,570.619333333333,4.58066666666667,0.0636579400651114
"204","HHARI90 bound","FD",116,124,"FKEGIKPMW",7.98,570.618,4.578,0
"205","Unbound","0s",116,124,"FKEGIKPMW",7.98,568.718,0,0
"206","Unbound","3.00s",116,124,"FKEGIKPMW",7.98,569.470666666667,1.771,0.0294618397253125
"207","Unbound","60.00s",116,124,"FKEGIKPMW",7.98,569.785666666667,2.51233333333333,0.00901849950564568
"208","Unbound","1800.00s",116,124,"FKEGIKPMW",7.98,570.526,4.25433333333333,0.0283783955383904
"209","Unbound","72000.00s",116,124,"FKEGIKPMW",7.98,570.665,4.58166666666667,0.0375410886008029
"210","Unbound","FD",116,124,"FKEGIKPMW",7.98,570.69,4.64,0
"211","HHARI90 bound","0s",116,135,"FKEGIKPMWEDDANKNGGKW",7.38,784.547,0,0
"212","HHARI90 bound","3.00s",116,135,"FKEGIKPMWEDDANKNGGKW",7.38,785.630333333333,3.826,0.115572488075666
"213","HHARI90 bound","60.00s",116,135,"FKEGIKPMWEDDANKNGGKW",7.38,786.247,6.00233333333333,0.0887937685501258
"214","HHARI90 bound","1800.00s",116,135,"FKEGIKPMWEDDANKNGGKW",7.38,786.979,8.58366666666667,0.064632293269954
"215","HHARI90 bound","72000.00s",116,135,"FKEGIKPMWEDDANKNGGKW",7.38,787.372,9.97233333333333,0.0055075705472867
"216","HHARI90 bound","FD",116,135,"FKEGIKPMWEDDANKNGGKW",7.38,787.543,10.577,0
"217","Unbound","0s",116,135,"FKEGIKPMWEDDANKNGGKW",7.38,784.543,0,0
"218","Unbound","3.00s",116,135,"FKEGIKPMWEDDANKNGGKW",7.38,785.765333333333,4.313,0.0826135582092915
"219","Unbound","60.00s",116,135,"FKEGIKPMWEDDANKNGGKW",7.38,786.496,6.89233333333333,0.0918821709219658
"220","Unbound","1800.00s",116,135,"FKEGIKPMWEDDANKNGGKW",7.38,787.182333333333,9.31433333333333,0.0369639463982581
"221","Unbound","72000.00s",116,135,"FKEGIKPMWEDDANKNGGKW",7.38,787.503333333333,10.4466666666667,0.0827183977923494
"222","Unbound","FD",116,135,"FKEGIKPMWEDDANKNGGKW",7.38,787.823,11.576,0
"223","HHARI90 bound","0s",136,147,"IIRLRKGLASRC",5.79,462.969,0,0
"224","HHARI90 bound","3.00s",136,147,"IIRLRKGLASRC",5.79,463.876666666667,3.20333333333333,0.114631292993376
"225","HHARI90 bound","60.00s",136,147,"IIRLRKGLASRC",5.79,464.743,6.26033333333333,0.0503421625810148
"226","HHARI90 bound","1800.00s",136,147,"IIRLRKGLASRC",5.79,465.059,7.377,0.0667308024828116
"227","HHARI90 bound","72000.00s",136,147,"IIRLRKGLASRC",5.79,465.075,7.43266666666667,0.0455448496905337
"228","HHARI90 bound","FD",136,147,"IIRLRKGLASRC",5.79,465.186,7.827,0
"229","Unbound","0s",136,147,"IIRLRKGLASRC",5.79,462.918,0,0
"230","Unbound","3.00s",136,147,"IIRLRKGLASRC",5.79,464.258,4.72966666666667,0.0731186250782475
"231","Unbound","60.00s",136,147,"IIRLRKGLASRC",5.79,465.016,7.40433333333333,0.0620429958442797
"232","Unbound","1800.00s",136,147,"IIRLRKGLASRC",5.79,465.068333333333,7.589,0.0641170804076419
"233","Unbound","72000.00s",136,147,"IIRLRKGLASRC",5.79,465.253,8.241,0.0276224546338667
"234","Unbound","FD",136,147,"IIRLRKGLASRC",5.79,465.499,9.11,0
"235","HHARI90 bound","0s",136,149,"IIRLRKGLASRCWE",6.83,568.097,0,0
"236","HHARI90 bound","3.00s",136,149,"IIRLRKGLASRCWE",6.83,568.973666666667,3.09333333333333,0.131165290124077
"237","HHARI90 bound","60.00s",136,149,"IIRLRKGLASRCWE",6.83,569.806666666667,6.03333333333333,0.0136137185711081
"238","HHARI90 bound","1800.00s",136,149,"IIRLRKGLASRCWE",6.83,570.294666666667,7.756,0.038157568056678
"239","HHARI90 bound","72000.00s",136,149,"IIRLRKGLASRCWE",6.83,570.459333333333,8.33766666666667,0.0995707453689754
"240","HHARI90 bound","FD",136,149,"IIRLRKGLASRCWE",6.83,570.616,8.888,0
"241","Unbound","0s",136,149,"IIRLRKGLASRCWE",6.83,568.016,0,0
"242","Unbound","3.00s",136,149,"IIRLRKGLASRCWE",6.83,569.264666666667,4.40633333333333,0.0240069434400411
"243","Unbound","60.00s",136,149,"IIRLRKGLASRCWE",6.83,570.010333333333,7.03733333333333,0.0559672523296737
"244","Unbound","1800.00s",136,149,"IIRLRKGLASRCWE",6.83,570.499333333333,8.763,0.0646451854355764
"245","Unbound","72000.00s",136,149,"IIRLRKGLASRCWE",6.83,570.619333333333,9.18733333333333,0.0250266524595941
"246","Unbound","FD",136,149,"IIRLRKGLASRCWE",6.83,570.74,9.613,0
"247","HHARI90 bound","0s",140,147,"RKGLASRC",4.88,446.11,0,0
"248","HHARI90 bound","3.00s",140,147,"RKGLASRC",4.88,447.219333333333,2.61033333333333,0.090279196570048
"249","HHARI90 bound","60.00s",140,147,"RKGLASRC",4.88,447.953666666667,4.338,0.0727942305406137
"250","HHARI90 bound","1800.00s",140,147,"RKGLASRC",4.88,448.149,4.79866666666667,0.0147422295916639
"251","HHARI90 bound","72000.00s",140,147,"RKGLASRC",4.88,448.152666666667,4.806,0.059774576535514
"252","HHARI90 bound","FD",140,147,"RKGLASRC",4.88,448.157,4.818,0
"253","Unbound","0s",140,147,"RKGLASRC",4.88,446.043,0,0
"254","Unbound","3.00s",140,147,"RKGLASRC",4.88,447.502333333333,3.434,0.105256828757093
"255","Unbound","60.00s",140,147,"RKGLASRC",4.88,448.014333333333,4.639,0.0357631094844952
"256","Unbound","1800.00s",140,147,"RKGLASRC",4.88,448.095666666667,4.82933333333333,0.0438444219181107
"257","Unbound","72000.00s",140,147,"RKGLASRC",4.88,448.003333333333,4.61266666666667,0.0783985544084414
"258","Unbound","FD",140,147,"RKGLASRC",4.88,448.143,4.941,0
"259","HHARI90 bound","0s",154,161,"AMLGEQFM",10.23,464.055,0,0
"260","HHARI90 bound","3.00s",154,161,"AMLGEQFM",10.23,464.913,2.01966666666667,0.10234419052068
"261","HHARI90 bound","60.00s",154,161,"AMLGEQFM",10.23,465.153,2.58433333333333,0.0357957166897569
"262","HHARI90 bound","1800.00s",154,161,"AMLGEQFM",10.23,465.344666666667,3.03466666666667,0.0118462370959445
"263","HHARI90 bound","72000.00s",154,161,"AMLGEQFM",10.23,465.612666666667,3.66633333333333,0.0539104195247388
"264","HHARI90 bound","FD",154,161,"AMLGEQFM",10.23,465.708,3.89,0
"265","Unbound","0s",154,161,"AMLGEQFM",10.23,464.052,0,0
"266","Unbound","3.00s",154,161,"AMLGEQFM",10.23,464.999,2.227,0.0185202591774522
"267","Unbound","60.00s",154,161,"AMLGEQFM",10.23,465.124666666667,2.52433333333333,0.0035118845842843
"268","Unbound","1800.00s",154,161,"AMLGEQFM",10.23,465.404666666667,3.183,0.0248797106092494
"269","Unbound","72000.00s",154,161,"AMLGEQFM",10.23,465.758333333333,4.01466666666667,0.0115036226178248
"270","Unbound","FD",154,161,"AMLGEQFM",10.23,465.814,4.145,0
"271","HHARI90 bound","0s",169,177,"AVVSVRFQE",6.71,518.113,0,0
"272","HHARI90 bound","3.00s",169,177,"AVVSVRFQE",6.71,519.260333333333,2.699,0.0199749843554382
"273","HHARI90 bound","60.00s",169,177,"AVVSVRFQE",6.71,519.279,2.743,0.0212837966537927
"274","HHARI90 bound","1800.00s",169,177,"AVVSVRFQE",6.71,519.484666666667,3.22766666666667,0.0258134331953992
"275","HHARI90 bound","72000.00s",169,177,"AVVSVRFQE",6.71,520.080666666667,4.62933333333333,0.0256969518296106
"276","HHARI90 bound","FD",169,177,"AVVSVRFQE",6.71,520.289,5.119,0
"277","Unbound","0s",169,177,"AVVSVRFQE",6.71,518.109,0,0
"278","Unbound","3.00s",169,177,"AVVSVRFQE",6.71,519.287666666667,2.77366666666667,0.0304357246231026
"279","Unbound","60.00s",169,177,"AVVSVRFQE",6.71,519.310333333333,2.82733333333333,0.0204042479237372
"280","Unbound","1800.00s",169,177,"AVVSVRFQE",6.71,519.631666666667,3.58433333333333,0.00378593889720018
"281","Unbound","72000.00s",169,177,"AVVSVRFQE",6.71,520.290666666667,5.134,0.037242448899072
"282","Unbound","FD",169,177,"AVVSVRFQE",6.71,521.045,6.909,0
"283","HHARI90 bound","0s",169,178,"AVVSVRFQED",9.85,575.782,0,0
"284","HHARI90 bound","3.00s",169,178,"AVVSVRFQED",9.85,575.809333333333,0.0636666666666667,0.253464658943477
"285","HHARI90 bound","60.00s",169,178,"AVVSVRFQED",9.85,575.854,0.169333333333333,0.257321459138824
"286","HHARI90 bound","1800.00s",169,178,"AVVSVRFQED",9.85,575.879666666667,0.23,0.47559226234244
"287","HHARI90 bound","72000.00s",169,178,"AVVSVRFQED",9.85,576.002,0.517666666666667,0.491117433342916
"288","HHARI90 bound","FD",169,178,"AVVSVRFQED",9.85,575.786,0.01,0
"289","HHARI90 bound","0s",176,183,"QEDIISIW",11.81,502.588,0,0
"290","HHARI90 bound","3.00s",176,183,"QEDIISIW",11.81,502.641666666667,0.125,0.00608276253029822
"291","HHARI90 bound","60.00s",176,183,"QEDIISIW",11.81,502.630333333333,0.0986666666666667,0.00709459888459759
"292","HHARI90 bound","1800.00s",176,183,"QEDIISIW",11.81,502.646333333333,0.137,0.0718609768928867
"293","HHARI90 bound","72000.00s",176,183,"QEDIISIW",11.81,502.743,0.364666666666667,0.0311822599138249
"294","HHARI90 bound","FD",176,183,"QEDIISIW",11.81,502.96,0.875,0
"295","Unbound","0s",176,183,"QEDIISIW",11.81,502.553,0,0
"296","Unbound","3.00s",176,183,"QEDIISIW",11.81,502.639333333333,0.203333333333333,0.0176729548557488
"297","Unbound","60.00s",176,183,"QEDIISIW",11.81,502.637666666667,0.199,0.0288444102037119
"298","Unbound","1800.00s",176,183,"QEDIISIW",11.81,502.641666666667,0.208333333333333,0.0241936630821654
"299","Unbound","72000.00s",176,183,"QEDIISIW",11.81,502.941333333333,0.913333333333333,0.024214320831552
"300","Unbound","FD",176,183,"QEDIISIW",11.81,504.092,3.621,0
"301","HHARI90 bound","0s",176,193,"QEDIISIWNKTASDQATT",9.39,1011.707,0,0
"302","HHARI90 bound","3.00s",176,193,"QEDIISIWNKTASDQATT",9.39,1012.91066666667,2.831,0.0629523629421486
"303","HHARI90 bound","60.00s",176,193,"QEDIISIWNKTASDQATT",9.39,1013.65866666667,4.592,0.0660075753228369
"304","HHARI90 bound","1800.00s",176,193,"QEDIISIWNKTASDQATT",9.39,1014.611,6.83266666666667,0.153513300183838
"305","HHARI90 bound","72000.00s",176,193,"QEDIISIWNKTASDQATT",9.39,1014.89666666667,7.50533333333333,0.0786786714004078
"306","HHARI90 bound","FD",176,193,"QEDIISIWNKTASDQATT",9.39,1015.049,7.864,0
"307","Unbound","0s",176,193,"QEDIISIWNKTASDQATT",9.39,1011.598,0,0
"308","Unbound","3.00s",176,193,"QEDIISIWNKTASDQATT",9.39,1012.97533333333,3.24066666666667,0.0745944591329231
"309","Unbound","60.00s",176,193,"QEDIISIWNKTASDQATT",9.39,1013.97366666667,5.58966666666667,0.0539845656955147
"310","Unbound","1800.00s",176,193,"QEDIISIWNKTASDQATT",9.39,1014.54066666667,6.92366666666667,0.117462050609264
"311","Unbound","72000.00s",176,193,"QEDIISIWNKTASDQATT",9.39,1015.05566666667,8.13633333333333,0.0508363387089721
"312","Unbound","FD",176,193,"QEDIISIWNKTASDQATT",9.39,1016.866,12.396,0
"313","HHARI90 bound","0s",178,193,"DIISIWNKTASDQATT",9.28,883.006,0,0
"314","HHARI90 bound","3.00s",178,193,"DIISIWNKTASDQATT",9.28,884.18,2.76266666666667,0.0755932095715834
"315","HHARI90 bound","60.00s",178,193,"DIISIWNKTASDQATT",9.28,884.952333333333,4.58033333333333,0.0614925469738677
"316","HHARI90 bound","1800.00s",178,193,"DIISIWNKTASDQATT",9.28,885.863,6.72366666666667,0.0343850742813409
"317","HHARI90 bound","72000.00s",178,193,"DIISIWNKTASDQATT",9.28,886.152666666667,7.40533333333333,0.0725970614648645
"318","HHARI90 bound","FD",178,193,"DIISIWNKTASDQATT",9.28,886.188,7.487,0
"319","Unbound","0s",178,193,"DIISIWNKTASDQATT",9.28,883.017,0,0
"320","Unbound","3.00s",178,193,"DIISIWNKTASDQATT",9.28,884.319666666667,3.066,0.0137477270848676
"321","Unbound","60.00s",178,193,"DIISIWNKTASDQATT",9.28,885.382,5.566,0.0320780298646911
"322","Unbound","1800.00s",178,193,"DIISIWNKTASDQATT",9.28,885.898666666667,6.781,0.0787908624143689
"323","Unbound","72000.00s",178,193,"DIISIWNKTASDQATT",9.28,886.384333333333,7.924,0.0553805019840016
"324","Unbound","FD",178,193,"DIISIWNKTASDQATT",9.28,887.733,11.097,0
"325","Unbound","0s",179,193,"IISIWNKTASDQATT",7.7,825.433,0,0
"326","Unbound","3.00s",179,193,"IISIWNKTASDQATT",7.7,826.755666666667,3.11266666666667,0.0744737090074969
"327","Unbound","60.00s",179,193,"IISIWNKTASDQATT",7.7,827.782333333333,5.528,0.0760986202240223
"328","Unbound","1800.00s",179,193,"IISIWNKTASDQATT",7.7,828.285,6.71166666666667,0.0438444219181111
"329","Unbound","72000.00s",179,193,"IISIWNKTASDQATT",7.7,828.755,7.81666666666667,0.0549302588136387
"330","Unbound","FD",179,193,"IISIWNKTASDQATT",7.7,829.704,10.051,0
"331","HHARI90 bound","3.00s",182,193,"IWNKTASDQATT",5.51,670.061,0,0
"332","HHARI90 bound","60.00s",182,193,"IWNKTASDQATT",5.51,670.693333333333,0,0
"333","HHARI90 bound","1800.00s",182,193,"IWNKTASDQATT",5.51,671.42,0,0
"334","HHARI90 bound","72000.00s",182,193,"IWNKTASDQATT",5.51,671.708,0,0
"335","HHARI90 bound","FD",182,193,"IWNKTASDQATT",5.51,671.59,0,0
"336","Unbound","3.00s",182,193,"IWNKTASDQATT",5.51,670.017666666667,0,0
"337","Unbound","60.00s",182,193,"IWNKTASDQATT",5.51,670.062,0,0
"338","Unbound","1800.00s",182,193,"IWNKTASDQATT",5.51,670.143333333333,0,0
"339","Unbound","72000.00s",182,193,"IWNKTASDQATT",5.51,670.264,0,0
"340","Unbound","FD",182,193,"IWNKTASDQATT",5.51,670.334,0,0
"341","HHARI90 bound","0s",183,193,"WNKTASDQATT",5.13,612.139,0,0
"342","HHARI90 bound","3.00s",183,193,"WNKTASDQATT",5.13,613.344,2.83566666666667,0.0603683139845179
"343","HHARI90 bound","60.00s",183,193,"WNKTASDQATT",5.13,614.084333333333,4.578,0.0569999999999999
"344","HHARI90 bound","1800.00s",183,193,"WNKTASDQATT",5.13,614.915333333333,6.53233333333333,0.00152752523165197
"345","HHARI90 bound","72000.00s",183,193,"WNKTASDQATT",5.13,615.174333333333,7.14266666666667,0.0737857258101686
"346","HHARI90 bound","FD",183,193,"WNKTASDQATT",5.13,614.918,6.538,0
"347","Unbound","0s",183,193,"WNKTASDQATT",5.13,612.163,0,0
"348","Unbound","3.00s",183,193,"WNKTASDQATT",5.13,613.474,3.08433333333333,0.0747417776971709
"349","Unbound","60.00s",183,193,"WNKTASDQATT",5.13,614.452666666667,5.38733333333333,0.0739752210766102
"350","Unbound","1800.00s",183,193,"WNKTASDQATT",5.13,614.886666666667,6.40866666666667,0.0627481739442141
"351","Unbound","72000.00s",183,193,"WNKTASDQATT",5.13,614.924333333333,6.49733333333333,0.066304851506759
"352","Unbound","FD",183,193,"WNKTASDQATT",5.13,615.049,6.791,0
"353","HHARI90 bound","0s",183,200,"WNKTASDQATTARIRDTL",6.6,1025.277,0,0
"354","HHARI90 bound","3.00s",183,200,"WNKTASDQATTARIRDTL",6.6,1026.68833333333,3.32033333333333,0.262709598860288
"355","HHARI90 bound","60.00s",183,200,"WNKTASDQATTARIRDTL",6.6,1028.03166666667,6.48066666666667,0.0565184335711219
"356","HHARI90 bound","1800.00s",183,200,"WNKTASDQATTARIRDTL",6.6,1029.71433333333,10.4403333333333,0.30223225065061
"357","HHARI90 bound","72000.00s",183,200,"WNKTASDQATTARIRDTL",6.6,1030.245,11.688,0.0303479818109872
"358","HHARI90 bound","FD",183,200,"WNKTASDQATTARIRDTL",6.6,1030.169,11.51,0
"359","Unbound","0s",183,200,"WNKTASDQATTARIRDTL",6.6,1025.172,0,0
"360","Unbound","3.00s",183,200,"WNKTASDQATTARIRDTL",6.6,1026.87166666667,4,0.0789366834874636
"361","Unbound","60.00s",183,200,"WNKTASDQATTARIRDTL",6.6,1028.498,7.827,0.272170902191986
"362","Unbound","1800.00s",183,200,"WNKTASDQATTARIRDTL",6.6,1029.756,10.7863333333333,0.0559672523296737
"363","Unbound","72000.00s",183,200,"WNKTASDQATTARIRDTL",6.6,1030.21566666667,11.868,0.104818891427071
"364","Unbound","FD",183,200,"WNKTASDQATTARIRDTL",6.6,1030.672,12.943,0
"365","HHARI90 bound","0s",194,200,"ARIRDTL",5.75,423.068,0,0
"366","HHARI90 bound","3.00s",194,200,"ARIRDTL",5.75,423.252666666667,0.433666666666667,0.0549939390599849
"367","HHARI90 bound","60.00s",194,200,"ARIRDTL",5.75,423.474666666667,0.956333333333333,0.00750555349946514
"368","HHARI90 bound","1800.00s",194,200,"ARIRDTL",5.75,424.307333333333,2.91533333333333,0.0461446999484592
"369","HHARI90 bound","72000.00s",194,200,"ARIRDTL",5.75,424.763666666667,3.989,0.0191572440606681
"370","HHARI90 bound","FD",194,200,"ARIRDTL",5.75,424.876,4.253,0
"371","Unbound","0s",194,200,"ARIRDTL",5.75,423.034,0,0
"372","Unbound","3.00s",194,200,"ARIRDTL",5.75,423.232333333333,0.466666666666667,0.0325166623953525
"373","Unbound","60.00s",194,200,"ARIRDTL",5.75,423.531333333333,1.17066666666667,0.0484183160935336
"374","Unbound","1800.00s",194,200,"ARIRDTL",5.75,424.440333333333,3.309,0.030347981810987
"375","Unbound","72000.00s",194,200,"ARIRDTL",5.75,424.898333333333,4.38633333333333,0.032593455375786
"376","Unbound","FD",194,200,"ARIRDTL",5.75,425.074,4.799,0
"377","HHARI90 bound","0s",201,212,"RRVLNLPPNTIM",7.56,712.909,0,0
"378","HHARI90 bound","3.00s",201,212,"RRVLNLPPNTIM",7.56,714.906,4.699,0.0759736796528905
"379","HHARI90 bound","60.00s",201,212,"RRVLNLPPNTIM",7.56,715.155666666667,5.28766666666667,0.047437678414245
"380","HHARI90 bound","1800.00s",201,212,"RRVLNLPPNTIM",7.56,715.640666666667,6.42833333333333,0.031817186131607
"381","HHARI90 bound","72000.00s",201,212,"RRVLNLPPNTIM",7.56,715.677666666667,6.516,0.0205182845286829
"382","HHARI90 bound","FD",201,212,"RRVLNLPPNTIM",7.56,715.687,6.536,0
"383","HHARI90 bound","0s",201,213,"RRVLNLPPNTIME",7.38,777.478,0,0
"384","HHARI90 bound","3.00s",201,213,"RRVLNLPPNTIME",7.38,779.490333333333,4.73433333333333,0.0767745617593051
"385","HHARI90 bound","60.00s",201,213,"RRVLNLPPNTIME",7.38,779.777666666667,5.41,0.0277308492477239
"386","HHARI90 bound","1800.00s",201,213,"RRVLNLPPNTIME",7.38,780.473,7.04733333333333,0.0223009715782369
"387","HHARI90 bound","72000.00s",201,213,"RRVLNLPPNTIME",7.38,780.533333333333,7.18933333333333,0.056536124144951
"388","HHARI90 bound","FD",201,213,"RRVLNLPPNTIME",7.38,780.535,7.193,0
"389","Unbound","0s",201,213,"RRVLNLPPNTIME",7.38,777.475,0,0
"390","Unbound","3.00s",201,213,"RRVLNLPPNTIME",7.38,779.474333333333,4.705,0.0743572457800852
"391","Unbound","60.00s",201,213,"RRVLNLPPNTIME",7.38,779.774333333333,5.41066666666667,0.0461121820491433
"392","Unbound","1800.00s",201,213,"RRVLNLPPNTIME",7.38,780.497666666667,7.11333333333333,0.0463609030685702
"393","Unbound","72000.00s",201,213,"RRVLNLPPNTIME",7.38,780.519666666667,7.16433333333333,0.0454569393309023
"394","Unbound","FD",201,213,"RRVLNLPPNTIME",7.38,780.616,7.39,0
"395","HHARI90 bound","0s",213,220,"EYKTHTDS",4.41,491.023,0,0
"396","HHARI90 bound","3.00s",213,220,"EYKTHTDS",4.41,491.928333333333,2.131,0.124663547198048
"397","HHARI90 bound","60.00s",213,220,"EYKTHTDS",4.41,491.941666666667,2.16233333333333,0.102050641023628
"398","HHARI90 bound","1800.00s",213,220,"EYKTHTDS",4.41,491.927333333333,2.129,0.0236431808350738
"399","HHARI90 bound","72000.00s",213,220,"EYKTHTDS",4.41,492.191333333333,2.75066666666667,0.0931522051984455
"400","HHARI90 bound","FD",213,220,"EYKTHTDS",4.41,492.197,2.764,0
"401","Unbound","0s",213,220,"EYKTHTDS",4.41,490.982,0,0
"402","Unbound","3.00s",213,220,"EYKTHTDS",4.41,491.907666666667,2.17833333333333,0.0462853468533329
"403","Unbound","60.00s",213,220,"EYKTHTDS",4.41,491.907,2.17666666666667,0.0423595719210349
"404","Unbound","1800.00s",213,220,"EYKTHTDS",4.41,492.017666666667,2.43733333333333,0.0708119575589698
"405","Unbound","72000.00s",213,220,"EYKTHTDS",4.41,492.227333333333,2.931,0.0566303805390709
"406","Unbound","FD",213,220,"EYKTHTDS",4.41,492.427,3.399,0
"407","HHARI90 bound","0s",213,225,"EYKTHTDSIKMPG",5.65,754.437,0,0
"408","HHARI90 bound","3.00s",213,225,"EYKTHTDSIKMPG",5.65,756.446333333333,4.727,0.0199248588451715
"409","HHARI90 bound","60.00s",213,225,"EYKTHTDSIKMPG",5.65,756.461666666667,4.763,0.0278747197295324
"410","HHARI90 bound","1800.00s",213,225,"EYKTHTDSIKMPG",5.65,756.389,4.592,0.0207846096908268
"411","HHARI90 bound","72000.00s",213,225,"EYKTHTDSIKMPG",5.65,756.694666666667,5.31133333333333,0.0291604755333882
"412","HHARI90 bound","FD",213,225,"EYKTHTDSIKMPG",5.65,756.647,5.198,0
"413","Unbound","0s",213,225,"EYKTHTDSIKMPG",5.65,754.412,0,0
"414","Unbound","3.00s",213,225,"EYKTHTDSIKMPG",5.65,756.386,4.64466666666667,0.0996259671638539
"415","Unbound","60.00s",213,225,"EYKTHTDSIKMPG",5.65,756.381,4.63233333333333,0.0283607710285411
"416","Unbound","1800.00s",213,225,"EYKTHTDSIKMPG",5.65,756.465,4.83133333333333,0.0423595719210347
"417","Unbound","72000.00s",213,225,"EYKTHTDSIKMPG",5.65,756.643333333333,5.24933333333333,0.0300721354967241
"418","Unbound","FD",213,225,"EYKTHTDSIKMPG",5.65,756.728,5.45,0
"419","HHARI90 bound","0s",214,220,"YKTHTDS",4.36,426.418,0,0
"420","HHARI90 bound","3.00s",214,220,"YKTHTDS",4.36,427.323666666667,2.13066666666667,0.0241729876790879
"421","HHARI90 bound","60.00s",214,220,"YKTHTDS",4.36,427.317666666667,2.116,0.0147309198626561
"422","HHARI90 bound","1800.00s",214,220,"YKTHTDS",4.36,427.322666666667,2.12833333333333,0.0502924779001128
"423","HHARI90 bound","72000.00s",214,220,"YKTHTDS",4.36,427.353666666667,2.20033333333333,0.0724177694584233
"424","HHARI90 bound","FD",214,220,"YKTHTDS",4.36,427.374,2.249,0
"425","Unbound","0s",214,220,"YKTHTDS",4.36,426.452,0,0
"426","Unbound","3.00s",214,220,"YKTHTDS",4.36,427.319666666667,2.043,0.0261533936612441
"427","Unbound","60.00s",214,220,"YKTHTDS",4.36,427.333333333333,2.07433333333333,0.0245831920899896
"428","Unbound","1800.00s",214,220,"YKTHTDS",4.36,427.320333333333,2.044,0.0147309198626562
"429","Unbound","72000.00s",214,220,"YKTHTDS",4.36,427.377333333333,2.178,0.0235796522451031
"430","Unbound","FD",214,220,"YKTHTDS",4.36,427.483,2.426,0
