"","Deut.Time","Start","End","Sequence","Search.RT","Charge","av_Unbound_X..Deut","av_HHARI90bound_X..Deut","sd_Unbound_X..Deut","sd_HHARI90bound_X..Deut","pv_Unbound_X..Deut","pv_HHARI90bound_X..Deut"
"1","3.00s",40,58,"GPLGSKAVVPGPAEHPLQY",6.83,2,8.32766666666667,7.01366666666667,0.138384729408029,0.0537990086649684,1,0.0012982056805366
"2","3.00s",40,59,"GPLGSKAVVPGPAEHPLQYN",6.44,2,8.71733333333333,7.46866666666667,0.154305973096745,0.104423815929765,1,0.000630520534581436
"3","3.00s",47,63,"VVPGPAEHPLQYNYTFW",10.86,2,3.97466666666667,2.78566666666667,0.108684558854206,0.0476480149988782,1,0.00069581010426052
"4","3.00s",62,77,"FWYSRRTPGRPTSSQS",6.12,3,7.82066666666667,7.77933333333333,0.130599897907056,0.081143905090483,1,0.670160791282522
"5","3.00s",63,77,"WYSRRTPGRPTSSQS",5.33,3,7.62533333333333,7.78866666666667,0.220953237888321,0.0135769412362777,1,0.328721791004375
"6","3.00s",64,77,"YSRRTPGRPTSSQS",4.64,2,7.79933333333333,7.63533333333333,0.0568975687822716,0.0375410886008031,1,0.0188970633468704
"7","3.00s",78,88,"YEQNIKQIGTF",7.61,2,3.90266666666667,3.68366666666667,0.0225018517756503,0.0476060220280307,1,0.00652144631135782
"8","3.00s",82,88,"IKQIGTF",6.81,2,1.756,1.26466666666667,0.0715821206726932,0.0595343038368076,1,0.000925233716183545
"9","3.00s",89,97,"ASVEQFWRF",10.72,2,1.396,0.827,0.0416773319683494,0.0619919349593155,1,0.000413893234406493
"10","3.00s",95,107,"WRFYSHMVRPGDL",8.44,3,3.61033333333333,1.55866666666667,0.0538175931581238,0.0841803619220856,1,1.70633824509811e-05
"11","3.00s",95,115,"WRFYSHMVRPGDLTGHSDFHL",8.65,3,5.36666666666667,2.95433333333333,0.1176194428372,0.0787802851818483,1,2.57126799879114e-05
"12","3.00s",98,115,"YSHMVRPGDLTGHSDFHL",7.36,2,5.00666666666667,2.34033333333333,0.10089763789769,0.0851430169381689,1,5.23683639395964e-06
"13","3.00s",114,124,"HLFKEGIKPMW",8.07,2,1.61433333333333,1.77866666666667,0.0576396854027963,0.0674858009757114,1,0.0338207418162854
"14","3.00s",114,135,"HLFKEGIKPMWEDDANKNGGKW",7.63,3,4.307,4.07666666666667,0.0330605505096333,0.314468334388907,1,0.331933154653928
"15","3.00s",116,124,"FKEGIKPMW",7.98,2,1.771,1.737,0.0294618397253125,0.0262868788561898,1,0.210998030113773
"16","3.00s",116,135,"FKEGIKPMWEDDANKNGGKW",7.38,3,4.313,3.826,0.0826135582092915,0.115572488075666,1,0.00549765471476734
"17","3.00s",136,147,"IIRLRKGLASRC",5.79,3,4.72966666666667,3.20333333333333,0.0731186250782475,0.114631292993376,1,0.000133090530965995
"18","3.00s",136,149,"IIRLRKGLASRCWE",6.83,3,4.40633333333333,3.09333333333333,0.0240069434400411,0.131165290124077,1,0.002558921893685
"19","3.00s",140,147,"RKGLASRC",4.88,2,3.434,2.61033333333333,0.105256828757093,0.090279196570048,1,0.000565763781986852
"20","3.00s",154,161,"AMLGEQFM",10.23,2,2.227,2.01966666666667,0.0185202591774522,0.10234419052068,1,0.0681556287909363
"21","3.00s",169,177,"AVVSVRFQE",6.71,2,2.77366666666667,2.699,0.0304357246231026,0.0199749843554382,1,0.0302687102320706
"22","3.00s",176,183,"QEDIISIW",11.81,2,0.203333333333333,0.125,0.0176729548557488,0.00608276253029822,1,0.0100832699947027
"23","3.00s",176,193,"QEDIISIWNKTASDQATT",9.39,2,3.24066666666667,2.831,0.0745944591329231,0.0629523629421486,1,0.00211643631088122
"24","3.00s",178,193,"DIISIWNKTASDQATT",9.28,2,3.066,2.76266666666667,0.0137477270848676,0.0755932095715834,1,0.0174910781978527
"25","3.00s",182,193,"IWNKTASDQATT",5.51,2,0,0,0,0,NA,NA
"26","3.00s",183,193,"WNKTASDQATT",5.13,2,3.08433333333333,2.83566666666667,0.0747417776971709,0.0603683139845179,1,0.0121022105217185
"27","3.00s",183,200,"WNKTASDQATTARIRDTL",6.6,2,4,3.32033333333333,0.0789366834874636,0.262709598860288,1,0.0371976627492391
"28","3.00s",194,200,"ARIRDTL",5.75,2,0.466666666666667,0.433666666666667,0.0325166623953525,0.0549939390599849,1,0.432316378462147
"29","3.00s",201,213,"RRVLNLPPNTIME",7.38,2,4.705,4.73433333333333,0.0743572457800852,0.0767745617593051,1,0.659346871863319
"30","3.00s",213,220,"EYKTHTDS",4.41,2,2.17833333333333,2.131,0.0462853468533329,0.124663547198048,1,0.588317337242218
"31","3.00s",213,225,"EYKTHTDSIKMPG",5.65,2,4.64466666666667,4.727,0.0996259671638539,0.0199248588451715,1,0.286940309277124
"32","3.00s",214,220,"YKTHTDS",4.36,2,2.043,2.13066666666667,0.0261533936612441,0.0241729876790879,1,0.0131890188641907
"33","60.00s",40,58,"GPLGSKAVVPGPAEHPLQY",6.83,2,9.30266666666667,8.53666666666667,0.0708684226812848,0.0269505720409299,1,0.000971079808720426
"34","60.00s",40,59,"GPLGSKAVVPGPAEHPLQYN",6.44,2,10.05,9.41666666666667,0.0723809367167905,0.0288848287745198,1,0.00152870535713218
"35","60.00s",47,63,"VVPGPAEHPLQYNYTFW",10.86,2,5.39666666666667,4.48466666666667,0.0368284310463169,0.0378197479279455,1,7.47673944650331e-06
"36","60.00s",62,77,"FWYSRRTPGRPTSSQS",6.12,3,8.29033333333333,7.93933333333333,0.054638203972435,0.0468009971403745,1,0.00118951639584522
"37","60.00s",63,77,"WYSRRTPGRPTSSQS",5.33,3,8.01566666666667,7.85333333333333,0.0879223141945961,0.245919363477814,1,0.37435824765135
"38","60.00s",64,77,"YSRRTPGRPTSSQS",4.64,2,7.80033333333333,7.64833333333333,0.0517332903779894,0.0322541986930901,1,0.0182060882044241
"39","60.00s",78,88,"YEQNIKQIGTF",7.61,2,5.347,4.24566666666667,0.0164620776331542,0.0130511813003014,1,1.74188772731048e-07
"40","60.00s",82,88,"IKQIGTF",6.81,2,3.03833333333333,1.91666666666667,0.0393996615890712,0.039208842540087,1,3.99955513354336e-06
"41","60.00s",89,97,"ASVEQFWRF",10.72,2,3.207,1.91233333333333,0.0134536240470736,0.0255016339345802,1,4.17865273314861e-06
"42","60.00s",95,107,"WRFYSHMVRPGDL",8.44,3,4.83333333333333,4.23033333333333,0.0169213868619963,0.0287286152352203,1,3.92313939753768e-05
"43","60.00s",95,115,"WRFYSHMVRPGDLTGHSDFHL",8.65,3,6.62533333333333,5.69966666666667,0.0872028287002973,0.0457638867813186,1,0.000481904918646207
"44","60.00s",98,115,"YSHMVRPGDLTGHSDFHL",7.36,2,5.718,4.76266666666667,0.0569297813099612,0.0713185342904166,1,7.67507595859122e-05
"45","60.00s",114,124,"HLFKEGIKPMW",8.07,2,2.36233333333333,2.074,0.0198578280114752,0.0389743505398102,1,0.00150378466748088
"46","60.00s",114,135,"HLFKEGIKPMWEDDANKNGGKW",7.63,3,7.111,6.396,0.18914544668059,0.158786019535726,1,0.00800868478653913
"47","60.00s",116,124,"FKEGIKPMW",7.98,2,2.51233333333333,2.12366666666667,0.00901849950564568,0.0178978583448783,1,6.53943209765101e-05
"48","60.00s",116,135,"FKEGIKPMWEDDANKNGGKW",7.38,3,6.89233333333333,6.00233333333333,0.0918821709219658,0.0887937685501258,1,0.000272526905577611
"49","60.00s",136,147,"IIRLRKGLASRC",5.79,3,7.40433333333333,6.26033333333333,0.0620429958442797,0.0503421625810148,1,2.22518169235888e-05
"50","60.00s",136,149,"IIRLRKGLASRCWE",6.83,3,7.03733333333333,6.03333333333333,0.0559672523296737,0.0136137185711081,1,0.000576734688805393
"51","60.00s",140,147,"RKGLASRC",4.88,2,4.639,4.338,0.0357631094844952,0.0727942305406137,1,0.00834525734935163
"52","60.00s",154,161,"AMLGEQFM",10.23,2,2.52433333333333,2.58433333333333,0.0035118845842843,0.0357957166897569,1,0.0996030285945366
"53","60.00s",169,177,"AVVSVRFQE",6.71,2,2.82733333333333,2.743,0.0204042479237372,0.0212837966537927,1,0.00777410059318411
"54","60.00s",176,183,"QEDIISIW",11.81,2,0.199,0.0986666666666667,0.0288444102037119,0.00709459888459759,1,0.0213464384577902
"55","60.00s",176,193,"QEDIISIWNKTASDQATT",9.39,2,5.58966666666667,4.592,0.0539845656955147,0.0660075753228369,1,4.70079486579937e-05
"56","60.00s",178,193,"DIISIWNKTASDQATT",9.28,2,5.566,4.58033333333333,0.0320780298646911,0.0614925469738677,1,0.000142515857307521
"57","60.00s",182,193,"IWNKTASDQATT",5.51,2,0,0,0,0,NA,NA
"58","60.00s",183,193,"WNKTASDQATT",5.13,2,5.38733333333333,4.578,0.0739752210766102,0.0569999999999999,1,0.000172067952574918
"59","60.00s",183,200,"WNKTASDQATTARIRDTL",6.6,2,7.827,6.48066666666667,0.272170902191986,0.0565184335711219,1,0.0108022854137803
"60","60.00s",194,200,"ARIRDTL",5.75,2,1.17066666666667,0.956333333333333,0.0484183160935336,0.00750555349946514,1,0.014862295135426
"61","60.00s",201,213,"RRVLNLPPNTIME",7.38,2,5.41066666666667,5.41,0.0461121820491433,0.0277308492477239,1,0.984119108057251
"62","60.00s",213,220,"EYKTHTDS",4.41,2,2.17666666666667,2.16233333333333,0.0423595719210349,0.102050641023628,1,0.838303834096686
"63","60.00s",213,225,"EYKTHTDSIKMPG",5.65,2,4.63233333333333,4.763,0.0283607710285411,0.0278747197295324,1,0.00471195712362149
"64","60.00s",214,220,"YKTHTDS",4.36,2,2.07433333333333,2.116,0.0245831920899896,0.0147309198626561,1,0.0793395957262406
"65","1800.00s",40,58,"GPLGSKAVVPGPAEHPLQY",6.83,2,9.32433333333333,9.18333333333333,0.0417891532976358,0.0617602892912043,1,0.0370498602189471
"66","1800.00s",40,59,"GPLGSKAVVPGPAEHPLQYN",6.44,2,9.90433333333333,10.0336666666667,0.0627880031003805,0.0205507501890646,1,0.0586429671307128
"67","1800.00s",47,63,"VVPGPAEHPLQYNYTFW",10.86,2,6.95833333333333,5.63,0.0230289672658879,0.0175783958312466,1,3.56565287491105e-07
"68","1800.00s",62,77,"FWYSRRTPGRPTSSQS",6.12,3,9.299,8.81566666666667,0.0559999999999995,0.0435009578438604,1,0.000409432329833616
"69","1800.00s",63,77,"WYSRRTPGRPTSSQS",5.33,3,8.227,8.481,0.0494267134250299,0.0368646171823333,1,0.00273031641237514
"70","1800.00s",64,77,"YSRRTPGRPTSSQS",4.64,2,7.775,7.62533333333333,0.0988078944214478,0.0565007374583143,1,0.102132032112034
"71","1800.00s",78,88,"YEQNIKQIGTF",7.61,2,6.69966666666667,6.586,0.0306648550189518,0.02351595203261,1,0.00832744517869344
"72","1800.00s",82,88,"IKQIGTF",6.81,2,4.063,3.788,0.0217025344142107,0.0343947670438397,1,0.000752713018084516
"73","1800.00s",89,97,"ASVEQFWRF",10.72,2,5.75766666666667,4.62866666666667,0.0141539158303749,0.0369097999633339,1,6.60436975744186e-05
"74","1800.00s",95,107,"WRFYSHMVRPGDL",8.44,3,5.94633333333333,5.789,0.0690603600724272,0.0280535202782111,1,0.0435390572627845
"75","1800.00s",95,115,"WRFYSHMVRPGDLTGHSDFHL",8.65,3,7.93366666666667,7.223,0.0165630109984062,0.0700214252925487,1,0.00210084830818298
"76","1800.00s",98,115,"YSHMVRPGDLTGHSDFHL",7.36,2,5.811,5.316,0.0729177618965362,0.0281602556806575,1,0.00309446160999986
"77","1800.00s",114,124,"HLFKEGIKPMW",8.07,2,4.315,3.95133333333333,0.0282134719593318,0.0231156512634477,1,8.61170982673133e-05
"78","1800.00s",114,135,"HLFKEGIKPMWEDDANKNGGKW",7.63,3,9.521,9.02866666666667,0.00984885780179606,0.108491167075174,1,0.015199745960935
"79","1800.00s",116,124,"FKEGIKPMW",7.98,2,4.25433333333333,3.87466666666667,0.0283783955383904,0.0515978035708238,1,0.00130585434505921
"80","1800.00s",116,135,"FKEGIKPMWEDDANKNGGKW",7.38,3,9.31433333333333,8.58366666666667,0.0369639463982581,0.064632293269954,1,0.000313099175399559
"81","1800.00s",136,147,"IIRLRKGLASRC",5.79,3,7.589,7.377,0.0641170804076419,0.0667308024828116,1,0.0166195839790567
"82","1800.00s",136,149,"IIRLRKGLASRCWE",6.83,3,8.763,7.756,0.0646451854355764,0.038157568056678,1,0.000101945324263922
"83","1800.00s",140,147,"RKGLASRC",4.88,2,4.82933333333333,4.79866666666667,0.0438444219181107,0.0147422295916639,1,0.35066714055637
"84","1800.00s",154,161,"AMLGEQFM",10.23,2,3.183,3.03466666666667,0.0248797106092494,0.0118462370959445,1,0.00315203260082726
"85","1800.00s",169,177,"AVVSVRFQE",6.71,2,3.58433333333333,3.22766666666667,0.00378593889720018,0.0258134331953992,1,0.0014346115984198
"86","1800.00s",176,183,"QEDIISIW",11.81,2,0.208333333333333,0.137,0.0241936630821654,0.0718609768928867,1,0.221677423722852
"87","1800.00s",176,193,"QEDIISIWNKTASDQATT",9.39,2,6.92366666666667,6.83266666666667,0.117462050609264,0.153513300183838,1,0.463519342338082
"88","1800.00s",178,193,"DIISIWNKTASDQATT",9.28,2,6.781,6.72366666666667,0.0787908624143689,0.0343850742813409,1,0.338906417172893
"89","1800.00s",182,193,"IWNKTASDQATT",5.51,2,0,0,0,0,NA,NA
"90","1800.00s",183,193,"WNKTASDQATT",5.13,2,6.40866666666667,6.53233333333333,0.0627481739442141,0.00152752523165197,1,0.076058910773843
"91","1800.00s",183,200,"WNKTASDQATTARIRDTL",6.6,2,10.7863333333333,10.4403333333333,0.0559672523296737,0.30223225065061,1,0.182292731846023
"92","1800.00s",194,200,"ARIRDTL",5.75,2,3.309,2.91533333333333,0.030347981810987,0.0461446999484592,1,0.000556282478369377
"93","1800.00s",201,213,"RRVLNLPPNTIME",7.38,2,7.11333333333333,7.04733333333333,0.0463609030685702,0.0223009715782369,1,0.116584251556282
"94","1800.00s",213,220,"EYKTHTDS",4.41,2,2.43733333333333,2.129,0.0708119575589698,0.0236431808350738,1,0.01078953658623
"95","1800.00s",213,225,"EYKTHTDSIKMPG",5.65,2,4.83133333333333,4.592,0.0423595719210347,0.0207846096908268,1,0.00349251728081089
"96","1800.00s",214,220,"YKTHTDS",4.36,2,2.044,2.12833333333333,0.0147309198626562,0.0502924779001128,1,0.0908454720871189
"97","72000.00s",40,58,"GPLGSKAVVPGPAEHPLQY",6.83,2,9.42533333333333,9.18666666666667,0.0330201958403232,0.06073988255943,1,0.0086266728787604
"98","72000.00s",40,59,"GPLGSKAVVPGPAEHPLQYN",6.44,2,9.98766666666667,10.0466666666667,0.0561990510002909,0.0698951595844333,1,0.320834876720764
"99","72000.00s",47,63,"VVPGPAEHPLQYNYTFW",10.86,2,8.49633333333333,8.19833333333333,0.0225462487641144,0.0179536440126598,1,8.09966832613899e-05
"100","72000.00s",62,77,"FWYSRRTPGRPTSSQS",6.12,3,9.383,9.286,0.0408411557133241,0.0658255269633289,1,0.10937852116666
"101","72000.00s",63,77,"WYSRRTPGRPTSSQS",5.33,3,8.29633333333333,8.48866666666667,0.0377535870260472,0.0740697869129733,1,0.0283445378015646
"102","72000.00s",64,77,"YSRRTPGRPTSSQS",4.64,2,7.8,7.753,0.0798310716450681,0.00099999999999989,1,0.415130507177182
"103","72000.00s",78,88,"YEQNIKQIGTF",7.61,2,6.695,6.69,0.033600595232823,0.0380394532032207,1,0.87291712473233
"104","72000.00s",82,88,"IKQIGTF",6.81,2,4.25333333333333,4.06966666666667,0.035218366420567,0.0274286954362275,1,0.00254832528142414
"105","72000.00s",89,97,"ASVEQFWRF",10.72,2,6.082,6.01366666666667,0.0147986485869485,0.0307300070506554,1,0.042971529848761
"106","72000.00s",95,107,"WRFYSHMVRPGDL",8.44,3,6.09166666666667,6.09233333333333,0.0405010287935173,0.0482113402980388,1,0.986271847919588
"107","72000.00s",95,115,"WRFYSHMVRPGDLTGHSDFHL",8.65,3,9.57166666666667,8.78566666666667,0.0270616579930595,0.045938364504337,1,7.58451770677616e-05
"108","72000.00s",98,115,"YSHMVRPGDLTGHSDFHL",7.36,2,7.56733333333333,6.44333333333333,0.0378989885529062,0.0461121820491433,1,7.47128265282762e-06
"109","72000.00s",114,124,"HLFKEGIKPMW",8.07,2,5.51733333333333,5.253,0.0470567033836127,0.0276224546338661,1,0.00266788942925347
"110","72000.00s",114,135,"HLFKEGIKPMWEDDANKNGGKW",7.63,3,11.3243333333333,10.8323333333333,0.126231269237591,0.0772938117402251,1,0.00787362706092865
"111","72000.00s",116,124,"FKEGIKPMW",7.98,2,4.58166666666667,4.58066666666667,0.0375410886008029,0.0636579400651114,1,0.982671172669519
"112","72000.00s",116,135,"FKEGIKPMWEDDANKNGGKW",7.38,3,10.4466666666667,9.97233333333333,0.0827183977923494,0.0055075705472867,1,0.00973934246341396
"113","72000.00s",136,147,"IIRLRKGLASRC",5.79,3,8.241,7.43266666666667,0.0276224546338667,0.0455448496905337,1,6.05416311351789e-05
"114","72000.00s",136,149,"IIRLRKGLASRCWE",6.83,3,9.18733333333333,8.33766666666667,0.0250266524595941,0.0995707453689754,1,0.00293621779362061
"115","72000.00s",140,147,"RKGLASRC",4.88,2,4.61266666666667,4.806,0.0783985544084414,0.059774576535514,1,0.0303946322541585
"116","72000.00s",154,161,"AMLGEQFM",10.23,2,4.01466666666667,3.66633333333333,0.0115036226178248,0.0539104195247388,1,0.00602555284184858
"117","72000.00s",169,177,"AVVSVRFQE",6.71,2,5.134,4.62933333333333,0.037242448899072,0.0256969518296106,1,9.99976708583135e-05
"118","72000.00s",176,183,"QEDIISIW",11.81,2,0.913333333333333,0.364666666666667,0.024214320831552,0.0311822599138249,1,2.88489938274489e-05
"119","72000.00s",176,193,"QEDIISIWNKTASDQATT",9.39,2,8.13633333333333,7.50533333333333,0.0508363387089721,0.0786786714004078,1,0.000710155965003911
"120","72000.00s",178,193,"DIISIWNKTASDQATT",9.28,2,7.924,7.40533333333333,0.0553805019840016,0.0725970614648645,1,0.000831121300295392
"121","72000.00s",182,193,"IWNKTASDQATT",5.51,2,0,0,0,0,NA,NA
"122","72000.00s",183,193,"WNKTASDQATT",5.13,2,6.49733333333333,7.14266666666667,0.066304851506759,0.0737857258101686,1,0.000375861059015167
"123","72000.00s",183,200,"WNKTASDQATTARIRDTL",6.6,2,11.868,11.688,0.104818891427071,0.0303479818109872,1,0.086960421509089
"124","72000.00s",194,200,"ARIRDTL",5.75,2,4.38633333333333,3.989,0.032593455375786,0.0191572440606681,1,0.000227481008457446
"125","72000.00s",201,213,"RRVLNLPPNTIME",7.38,2,7.16433333333333,7.18933333333333,0.0454569393309023,0.056536124144951,1,0.584115779364091
"126","72000.00s",213,220,"EYKTHTDS",4.41,2,2.931,2.75066666666667,0.0566303805390709,0.0931522051984455,1,0.0574006229536599
"127","72000.00s",213,225,"EYKTHTDSIKMPG",5.65,2,5.24933333333333,5.31133333333333,0.0300721354967241,0.0291604755333882,1,0.0624555117805457
"128","72000.00s",214,220,"YKTHTDS",4.36,2,2.178,2.20033333333333,0.0235796522451031,0.0724177694584233,1,0.654110242785067
